,,,,,,,,,,,,,,,,,,,,,,
Surgeon Information,,,,Verified Practice Information,,,,,,Verified Practice Information #2,,,,,,NPPES Practice Infomation,,,,,,
NPI,Surgeon,Surgeon Specialty,Surgeon Case Volume,Practice Name,Address,Suite,City,State,Zip,Practice Name,Address,Suite,City,State,Zip,Practice Address 1,Practice Address 2,Practice City,Practice State,Practice Zip Code,Practice Phone Number,Practice Fax Number
1508150053,"TAU, JIANHUA ANDY",SN GASTROENTEROLOGY,1665,,,,,,,,,,,,,,,,,,,
1346363280,"WEINFELD, ADAM BRYCE",SN PLASTIC,558,,,,,,,,,,,,,,,,,,,
1194754317,"ASKEW, ROBERT EDWARD JR.",SN GENERAL SURGERY,543,,,,,,,,,,,,,,,,,,,
1245390095,"STOKES, JOHN K",SN NEUROSURGERY,534,,,,,,,,,,,,,,,,,,,
1760461552,"FULLER, ROB ALAN",SN GENERAL SURGERY,521,,,,,,,,,,,,,,,,,,,
1184653321,"VICTOR, BRANT EDWARD",SN GENERAL SURGERY,501,,,,,,,,,,,,,,,,,,,
1457779928,"MICHEL, DAVID",SN ORTHOPEDIC,472,,,,,,,,,,,,,,,,,,,
1992952659,"KING, HEATHER MERCEIR",SN GENERAL SURGERY,457,,,,,,,,,,,,,,,,,,,
1740414267,"GLOVER, MARK",SN GENERAL SURGERY,430,,,,,,,,,,,,,,,,,,,
1265494827,"ANTONINI, TOMAS G",SN UROLOGY,425,,,,,,,,,,,,,,,,,,,
1245430289,"STOCKTON, KRISTOPHER GEORGE",SN ORTHOPEDIC,416,,,,,,,,,,,,,,,,,,,
1639108731,"ABIKHALED, JOHN ANDREW",SN GENERAL SURGERY,410,,,,,,,,,,,,,,,,,,,
1164642237,"WHITE, AMANDA BONE",SN GYNECOLOGY,408,,,,,,,,,,,,,,,,,,,
1316050990,"TRAN, VIET N.",SN ORTHOPEDIC,403,,,,,,,,,,,,,,,,,,,
1942460738,"NEELY, ROBERT CHAMBERLAIN",SN CARDIOTHORACIC,371,,,,,,,,,,,,,,,,,,,
1477744654,"GALLAGHER, SEAN MICHAEL",SN ORTHOPEDIC,361,,,,,,,,,,,,,,,,,,,
1689645194,"CLINE, ROBERT W",SN GENERAL SURGERY,356,,,,,,,,,,,,,,,,,,,
1003848789,"LINDSEY, MARK RAYMOND",SN GENERAL SURGERY,354,,,,,,,,,,,,,,,,,,,
1013925585,"KESSLER, WILLIAM F",SN CARDIOTHORACIC,349,,,,,,,,,,,,,,,,,,,
1760685366,"FOX, JOSHUA C.",SN ORTHOPEDIC,344,,,,,,,,,,,,,,,,,,,
1386651206,"CHURCH, PHILLIP",SN CARDIOVASCULAR,326,,,,,,,,,,,,,,,,,,,
1255575817,"WHITED, CHAD WAYNE",SN OTOLARYNGOLOGY,323,,,,,,,,,,,,,,,,,,,
1932188711,"FASS, STEVEN M",SN GENERAL SURGERY,312,,,,,,,,,,,,,,,,,,,
1497721005,"SEIDEL, SCOTT ANDREW",SN CARDIOVASCULAR,301,,,,,,,,,,,,,,,,,,,
1487896494,"MEDBERY, RACHEL LAURA",SN CARDIOTHORACIC,293,,,,,,,,,,,,,,,,,,,
1003131012,"SPRUNT, JULIE MCKENZIE",SN GENERAL SURGERY,293,,,,,,,,,,,,,,,,,,,
1013933019,"HINZE, JOHN DAVID",SN PULMONARY,288,,,,,,,,,,,,,,,,,,,
1215935820,"GRAHAM, ROBERT D II",SN ORTHOPEDIC,287,,,,,,,,,,,,,,,,,,,
1205199098,"LOPEZ, JOSE ALBERTO",SN GENERAL SURGERY,287,,,,,,,,,,,,,,,,,,,
1982601274,"KOCUREK, JEFFREY NEAL",SN UROLOGY,267,,,,,,,,,,,,,,,,,,,
1356322630,"TRUUMEES, EERIC",SN ORTHOPEDIC,264,,,,,,,,,,,,,,,,,,,
1558371559,"PHAM, BINH V",SN GASTROENTEROLOGY,263,,,,,,,,,,,,,,,,,,,
1437195724,"MANGIONE, JOHN STEWART",SN GENERAL SURGERY,254,,,,,,,,,,,,,,,,,,,
1033194634,"LUBIN, CRAIG H",SN GASTROENTEROLOGY,250,,,,,,,,,,,,,,,,,,,
1942582929,"SIMMONS, JOHN CALEB",SN OTOLARYNGOLOGY,250,,,,,,,,,,,,,,,,,,,
1952331423,"ANDREO, MICHAEL A.",SN ORTHOPEDIC,243,,,,,,,,,,,,,,,,,,,
1164454724,"MEYNIG, JEFFREY TOWNSEND",SN GENERAL SURGERY,239,,,,,,,,,,,,,,,,,,,
1700085248,"ROLLER, AARON",SN OPHTHALMOLOGY,231,,,,,,,,,,,,,,,,,,,
1134323926,"FOX, APRIL WEST",SN GENERAL SURGERY,230,,,,,,,,,,,,,,,,,,,
1528206901,"YANG, JONATHAN ALEXANDER",SN CARDIOTHORACIC,227,,,,,,,,,,,,,,,,,,,
1811191794,"FOTEH, MAZIN ISSA",SN CARDIOVASCULAR,223,,,,,,,,,,,,,,,,,,,
1225190259,"BREEN, MICHAEL T",SN GYNECOLOGY,222,,,,,,,,,,,,,,,,,,,
1588788830,"GHAFOORI, SHELLEY DAY",SN OPHTHALMOLOGY,214,,,,,,,,,,,,,,,,,,,
1053614453,"STOREY, PHILIP P",SN OPHTHALMOLOGY,213,,,,,,,,,,,,,,,,,,,
1811151962,"REICHEL, LEE M",SN ORTHOPEDIC,197,,,,,,,,,,,,,,,,,,,
1881679959,"SPERLING, RICHARD M",SN GASTROENTEROLOGY,194,,,,,,,,,,,,,,,,,,,
1790882215,"BAKER, BRETT WILLIAM",SN UROLOGY,193,,,,,,,,,,,,,,,,,,,
1932184512,"ALCOCER, ANGEL EDUARDO",SN GASTROENTEROLOGY,192,,,,,,,,,,,,,,,,,,,
1902127947,"YOUNG, RYAN CARTER",SN OPHTHALMOLOGY,188,,,,,,,,,,,,,,,,,,,
1215195516,"ESHED, HELEN DINKELSPIEL",SN GYNECOLOGY,176,,,,,,,,,,,,,,,,,,,
1538458526,"BURRUS, MATTHEW TYRRELL",SN ORTHOPEDIC,174,,,,,,,,,,,,,,,,,,,
1568722312,"KAMATH, PRIYANKA",SN GYNECOLOGY,168,,,,,,,,,,,,,,,,,,,
1881648038,"DJAFARI, VALLA",SN OPHTHALMOLOGY,167,,,,,,,,,,,,,,,,,,,
1629498068,"ARASTU, SANAA SOMALYA",SN GASTROENTEROLOGY,166,,,,,,,,,,,,,,,,,,,
1104086628,"THOMAS, HARRY J",SN GASTROENTEROLOGY,166,,,,,,,,,,,,,,,,,,,
1518157031,"LAINEZ, ROMEO A",SN GENERAL SURGERY,164,,,,,,,,,,,,,,,,,,,
1235309246,"SEBASTIAN, JEREMY S",SN OTOLARYNGOLOGY,164,,,,,,,,,,,,,,,,,,,
1942593272,"MOORE, DUSTIN GRAHAM",SN ORTHOPEDIC,159,,,,,,,,,,,,,,,,,,,
1053670794,"CROZIER, MATTHEW W",SN ORTHOPEDIC,158,,,,,,,,,,,,,,,,,,,
1841297843,"ONAN, OKAY ATILLA",SN ORTHOPEDIC,156,,,,,,,,,,,,,,,,,,,
1619207040,"BRIGHTWELL, RACHEL MICHELE",SN GYNECOLOGY,152,,,,,,,,,,,,,,,,,,,
1386651206,"CHURCH, PHILLIP",SN CARDIOTHORACIC,152,,,,,,,,,,,,,,,,,,,
1700875176,"JOHNSON, ANTHONY EUGENE",SN ORTHOPEDIC,152,,,,,,,,,,,,,,,,,,,
1235576356,"LONG, SAMUEL EVERETTE III",SN GENERAL SURGERY,151,,,,,,,,,,,,,,,,,,,
1760632947,"BAGHERI, ALI",SN ORTHOPEDIC,146,,,,,,,,,,,,,,,,,,,
1275947558,"BOERNER, RYAN",SN OTOLARYNGOLOGY,143,,,,,,,,,,,,,,,,,,,
1073561833,"GECK, MATTHEW J",SN ORTHOPEDIC,143,,,,,,,,,,,,,,,,,,,
1760773295,"SALINAS, GABRIEL JESUS JR.",SN GENERAL SURGERY,141,,,,,,,,,,,,,,,,,,,
1538328083,"MCARTHUR, BENJAMIN ALLEN",SN ORTHOPEDIC,134,,,,,,,,,,,,,,,,,,,
1922083039,"FRACHTMAN, ROBERT L",SN GASTROENTEROLOGY,130,,,,,,,,,,,,,,,,,,,
1740325133,"PRISACARU, GENOVEVA NICOLETA",SN GYNECOLOGY,127,,,,,,,,,,,,,,,,,,,
1699762427,"ABIKHALED, SHANNON MARGARET",SN GYNECOLOGY,121,,,,,,,,,,,,,,,,,,,
1578542320,"BRADY, BRIDGET MARIE",SN GENERAL SURGERY,120,,,,,,,,,,,,,,,,,,,
1245677582,"HIGH, RACHEL ALICE",SN GYNECOLOGY,117,,,,,,,,,,,,,,,,,,,
1528266863,"AMIS, BENJAMIN",SN ORTHOPEDIC,116,,,,,,,,,,,,,,,,,,,
1750591616,"DUDDEMPUDI, ANUPAMA T",SN GASTROENTEROLOGY,116,,,,,,,,,,,,,,,,,,,
1639172281,"SINGH, HERB",SN UROLOGY,116,,,,,,,,,,,,,,,,,,,
1568450948,"KEMPER, JAMES VARDAMAN",SN OTOLARYNGOLOGY,112,,,,,,,,,,,,,,,,,,,
1245466457,"MOORE, GRAYSON ARMSTRONG",SN ORTHOPEDIC,111,,,,,,,,,,,,,,,,,,,
1730475534,"CHEHL, NAVDEEP SINGH",SN GASTROENTEROLOGY,108,,,,,,,,,,,,,,,,,,,
1588987432,"KALAMARIDES, JEREMY ANDREW",SN GYNECOLOGY,103,,,,,,,,,,,,,,,,,,,
1679629349,"SAWYER, DREW SCOTT",SN OTOLARYNGOLOGY,103,,,,,,,,,,,,,,,,,,,
1538368618,"YOUNG, LINDSAY ERIN",SN OTOLARYNGOLOGY,102,,,,,,,,,,,,,,,,,,,
1962474643,"DOONER, JAMES",SN OPHTHALMOLOGY,100,,,,,,,,,,,,,,,,,,,
1851547384,"HOVERMAN, CLAIRE E",SN GYNECOLOGY,100,,,,,,,,,,,,,,,,,,,
1093738791,"SABRA, JOHN",SN GENERAL SURGERY,100,,,,,,,,,,,,,,,,,,,
1821290446,"PADALECKI, JEFFREY RYAN",SN ORTHOPEDIC,97,,,,,,,,,,,,,,,,,,,
1285621011,"REUE, DAVID WILLIAM",SN GYNECOLOGY,95,,,,,,,,,,,,,,,,,,,
1235392911,"JONES, LOREN",SN UROLOGY,93,,,,,,,,,,,,,,,,,,,
1871683540,"DURAIRAJ, VIKRAM",SN OPHTHALMOLOGY,89,,,,,,,,,,,,,,,,,,,
1861445280,"FLOYD, MICHAEL KEITH",SN UROLOGY,89,,,,,,,,,,,,,,,,,,,
1992092449,"KELLEY, BRIAN P",SN PLASTIC,88,,,,,,,,,,,,,,,,,,,
1245232172,"SMITH, JAMES LEN JR.",SN ORTHOPEDIC,87,,,,,,,,,,,,,,,,,,,
1790912244,"FERRER CARDONA, LUCAS MANUEL",SN CARDIOVASCULAR,84,,,,,,,,,,,,,,,,,,,
1265634935,"FISHER, CHRISTINE",SN PLASTIC,84,,,,,,,,,,,,,,,,,,,
1013988336,"ZAPALAC, JEFFREY S",SN OTOLARYNGOLOGY,84,,,,,,,,,,,,,,,,,,,
1235114786,"GAGNEJA, HARISH K",SN GASTROENTEROLOGY,82,,,,,,,,,,,,,,,,,,,
1790782084,"MCCLELLAND, MICHAEL LYNN JR.",SN UROLOGY,82,,,,,,,,,,,,,,,,,,,
1043290935,"MCNEIL, JEFFREY DON",SN CARDIOTHORACIC,82,,,,,,,,,,,,,,,,,,,
1437307592,"DRISCOLL, MATTHEW",SN ORTHOPEDIC,79,,,,,,,,,,,,,,,,,,,
1699118844,"DANTHULURI, VISHWANATH RAJU",SN GENERAL SURGERY,77,,,,,,,,,,,,,,,,,,,
1740631548,"DOMINGUEZ, ROBERT SCOTT",SN PODIATRY,77,,,,,,,,,,,,,,,,,,,
1538498563,"ASHOUR, RAMSEY RAFEEK",SN NEUROSURGERY,75,,,,,,,,,,,,,,,,,,,
1568447670,"HSU, CHIA-WEN",SN GASTROENTEROLOGY,75,,,,,,,,,,,,,,,,,,,
1245529767,"JONNA, GOWTHAM",SN OPHTHALMOLOGY,75,,,,,,,,,,,,,,,,,,,
1174639801,"GARCIA, JOSEPH",SN GENERAL SURGERY,73,,,,,,,,,,,,,,,,,,,
1043471824,"MCCOIN, MEGAN LYN",SN GYNECOLOGY,72,,,,,,,,,,,,,,,,,,,
1356313043,"HOENICKE, ERIC M.",SN CARDIOTHORACIC,69,,,,,,,,,,,,,,,,,,,
1942214788,"KIRKLAND, HUNTER Q.",SN CARDIOTHORACIC,68,,,,,,,,,,,,,,,,,,,
1205221652,"EPSTEIN, ALIZA",SN OPHTHALMOLOGY,67,,,,,,,,,,,,,,,,,,,
1285609735,"GOOCH, JASON LEE",SN GYNECOLOGY,66,,,,,,,,,,,,,,,,,,,
1982614020,"BLAIS, ROBERT E",SN ORTHOPEDIC,65,,,,,,,,,,,,,,,,,,,
1518126234,"NATION, DAVID ANDREW",SN CARDIOVASCULAR,63,,,,,,,,,,,,,,,,,,,
1801834809,"TENERIELLO, MICHAEL GUY",SN GYNECOLOGY,63,,,,,,,,,,,,,,,,,,,
1730170622,"BLAYDON, SEAN MATTHEW",SN OPHTHALMOLOGY,62,,,,,,,,,,,,,,,,,,,
1275699274,"WONG, ROBERT",SN OPHTHALMOLOGY,62,,,,,,,,,,,,,,,,,,,
1124037486,"FORTES, DANIEL",SN CARDIOTHORACIC,60,,,,,,,,,,,,,,,,,,,
1902032600,"PEARCE, PAUL MICHAEL",SN PLASTIC,60,,,,,,,,,,,,,,,,,,,
1871524009,"MEIGS, MATTHEW M",SN OTOLARYNGOLOGY,59,,,,,,,,,,,,,,,,,,,
FD6001452,"DITTO , SHEY K DO",SN GENERAL SURGERY,58,,,,,,,,,,,,,,,,,,,
1780608935,"POLITZ, JOHN",SN CARDIOVASCULAR,58,,,,,,,,,,,,,,,,,,,
1588001424,"SHAH, AMAR S",SN GENERAL SURGERY,58,,,,,,,,,,,,,,,,,,,
1144579699,"REDDY, SHEILA C",SN GASTROENTEROLOGY,57,,,,,,,,,,,,,,,,,,,
1568584159,"WANG, VINCENT YAT-CHUNG",SN NEUROSURGERY,57,,,,,,,,,,,,,,,,,,,
1336114305,"PROPST, ANTHONY MARK",SN GYNECOLOGY,55,,,,,,,,,,,,,,,,,,,
1508952052,"YIUM, MICHAEL J",SN OTOLARYNGOLOGY,55,,,,,,,,,,,,,,,,,,,
1679545370,"MARTINEZ, JOSE",SN OPHTHALMOLOGY,54,,,,,,,,,,,,,,,,,,,
1972822492,"BRATTON, EMILY MARIE",SN OPHTHALMOLOGY,51,,,,,,,,,,,,,,,,,,,
1740224195,"HUSSAINI, AKBAR ALY",SN ORTHOPEDIC,48,,,,,,,,,,,,,,,,,,,
1730322165,"GILLMAN, BRAD",SN ORTHOPEDIC,47,,,,,,,,,,,,,,,,,,,
1316109648,"GRZANKOWSKI, KASSONDRA SUZANNE",SN GYNECOLOGY,47,,,,,,,,,,,,,,,,,,,
1225013758,"WILLEFORD, GEORGE  III",SN GASTROENTEROLOGY,47,,,,,,,,,,,,,,,,,,,
1013929017,"WILLIAMSON, ROBERT A. JR.",SN OTOLARYNGOLOGY,47,,,,,,,,,,,,,,,,,,,
1710979547,"PEARCE, JOHN CHARLES",SN ORTHOPEDIC,45,,,,,,,,,,,,,,,,,,,
1922000504,"PEARCE, STEPHEN MOE",SN ORTHOPEDIC,45,,,,,,,,,,,,,,,,,,,
1528232568,"SHEPARD, TAYLOR HILL",SN OTOLARYNGOLOGY,45,,,,,,,,,,,,,,,,,,,
1497987432,"AMADIO, JORDAN",SN NEUROSURGERY,44,,,,,,,,,,,,,,,,,,,
1639438070,"MILLER, ANDREW HUBBARD",SN GENERAL SURGERY,44,,,,,,,,,,,,,,,,,,,
1154777407,"REED, DONOVAN STEPHEN",SN OPHTHALMOLOGY,44,,,,,,,,,,,,,,,,,,,
1588894323,"SUMMERS, JENNIFER STREET",SN GYNECOLOGY,44,,,,,,,,,,,,,,,,,,,
1174508758,"DABAGHI, RASHAD E",SN GASTROENTEROLOGY,43,,,,,,,,,,,,,,,,,,,
1366886350,"DAO, ASHLEY MARISSA",SN OTOLARYNGOLOGY,43,,,,,,,,,,,,,,,,,,,
1841478674,"O'BRIEN, BRIDGET ANNE",SN GENERAL SURGERY,42,,,,,,,,,,,,,,,,,,,
1558780031,"SOSLAND, RACHEL",SN UROLOGY,42,,,,,,,,,,,,,,,,,,,
1578672739,"ALEMAN, MICAELA",SN UROLOGY,41,,,,,,,,,,,,,,,,,,,
1851735591,"BOWMAN, RACHEL KATHLEEN",SN GYNECOLOGY,40,,,,,,,,,,,,,,,,,,,
1235115064,"JOHNSON, JEFF L",SN GENERAL SURGERY,40,,,,,,,,,,,,,,,,,,,
1497132401,"NGUYEN, VI",SN PODIATRY,40,,,,,,,,,,,,,,,,,,,
1285679787,"OLIVER, DONELL BAIRD",SN GYNECOLOGY,40,,,,,,,,,,,,,,,,,,,
1245407469,"TURLEY, RYAN SCOTT",SN CARDIOVASCULAR,40,,,,,,,,,,,,,,,,,,,
1639262173,"MORGAN, ARTHUR B",SN OTOLARYNGOLOGY,38,,,,,,,,,,,,,,,,,,,
1801156088,"DALTON-FITZGERALD, EIMILE",SN GASTROENTEROLOGY,37,,,,,,,,,,,,,,,,,,,
1114906070,"FAULKENBERRY, TIM L",SN GENERAL SURGERY,37,,,,,,,,,,,,,,,,,,,
1255443974,"HOLZMAN, STEVEN",SN PLASTIC,37,,,,,,,,,,,,,,,,,,,
1245572338,"SOMOGYI, MARIE BRENNER",SN OPHTHALMOLOGY,37,,,,,,,,,,,,,,,,,,,
1083855050,"ZEA, NICOLAS",,37,,,,,,,,,,,,,,,,,,,
1477646917,"BUTLER, ROBERT E",SN OTOLARYNGOLOGY,36,,,,,,,,,,,,,,,,,,,
1841387602,"KAHN, JEFFREY B",SN OTOLARYNGOLOGY,36,,,,,,,,,,,,,,,,,,,
1548556913,"SOMOGYI, JASON ROBERT",SN ORTHOPEDIC,36,,,,,,,,,,,,,,,,,,,
1467471607,"WEIDAW, BLAKE ANN",SN GYNECOLOGY,36,,,,,,,,,,,,,,,,,,,
1295939379,"ORTEGA-BARNETT, JUAN RAMON",SN NEUROLOGY,34,,,,,,,,,,,,,,,,,,,
1558469452,"SHIN, HYON C",SN GENERAL SURGERY,34,,,,,,,,,,,,,,,,,,,
1124290416,"SRYGLEY, FLETCHER DOUGLAS IV",SN GASTROENTEROLOGY,34,,,,,,,,,,,,,,,,,,,
1013258730,"CHEXAL, SARADHA",SN OPHTHALMOLOGY,33,,,,,,,,,,,,,,,,,,,
1366529216,"EGGLESTON, JOHN M. III",SN PLASTIC,33,,,,,,,,,,,,,,,,,,,
1114117769,"JHAVERI, CHIRAG DILIP",SN OPHTHALMOLOGY,33,,,,,,,,,,,,,,,,,,,
1912982596,"BECKER, SCOTT D",SN GASTROENTEROLOGY,32,,,,,,,,,,,,,,,,,,,
1457555013,"EASTEP, LAURA KATE",SN GYNECOLOGY,31,,,,,,,,,,,,,,,,,,,
1770507030,"FELGER, MARK",SN CARDIOTHORACIC,31,,,,,,,,,,,,,,,,,,,
1558521435,"ESFANDIARI, VIDA",SN GYNECOLOGY,30,,,,,,,,,,,,,,,,,,,
1912224031,"INDUKURI, CHAITANYA",SN OPHTHALMOLOGY,30,,,,,,,,,,,,,,,,,,,
1538370309,"NASON, ROBERT",SN OTOLARYNGOLOGY,30,,,,,,,,,,,,,,,,,,,
1083963334,"WILSON, CLARK ALEXANDER",SN UROLOGY,30,,,,,,,,,,,,,,,,,,,
1467595405,"CARRERA LEAL, BENITO",SN GYNECOLOGY,29,,,,,,,,,,,,,,,,,,,
1053433375,"EGELAND, BRENT MICHAEL",SN PLASTIC,29,,,,,,,,,,,,,,,,,,,
1467438531,"NIXON, PETER A",SN OPHTHALMOLOGY,29,,,,,,,,,,,,,,,,,,,
1346234143,"REICH, STEPHANIE JILL",SN GYNECOLOGY,29,,,,,,,,,,,,,,,,,,,
1548274913,"SCHRAM, RICHARD ARNOLD",SN ORTHOPEDIC,29,,,,,,,,,,,,,,,,,,,
1063402295,"SMITH, STEPHEN REILLY",SN OPHTHALMOLOGY,29,,,,,,,,,,,,,,,,,,,
1275611352,"AMATO, MALENA M.",SN OPHTHALMOLOGY,28,,,,,,,,,,,,,,,,,,,
1679885909,"CRAIG, CHRISTINE",SN GYNECOLOGY,28,,,,,,,,,,,,,,,,,,,
1407242308,"CRUZ, ALEX",SN ORTHOPEDIC,28,,,,,,,,,,,,,,,,,,,
1972687127,"DALLAS, JOHN DAVID",SN PULMONARY,28,,,,,,,,,,,,,,,,,,,
1871546283,"PHILLIPS, DAVID LAWRENCE",SN UROLOGY,28,,,,,,,,,,,,,,,,,,,
1740256452,"JEHANGIR, SAIMA KANWAL",SN GYNECOLOGY,27,,,,,,,,,,,,,,,,,,,
1730373580,"LANGEVIN, CLAUDE-JEAN",SN PLASTIC,27,,,,,,,,,,,,,,,,,,,
1346438603,"POTTER, ELISABETH H.",SN PLASTIC,27,,,,,,,,,,,,,,,,,,,
1629092903,"WELLS, JOE",SN CARDIOVASCULAR,27,,,,,,,,,,,,,,,,,,,
1801899711,"WIDNER, J. STEVEN",SN ORAL MAXILLARY,27,,,,,,,,,,,,,,,,,,,
1477743060,"GAUDET, MATTHEW A",SN CARDIOTHORACIC,26,,,,,,,,,,,,,,,,,,,
1427187350,"LAKSHMAN, THIRU VENKAT",SN GENERAL SURGERY,26,,,,,,,,,,,,,,,,,,,
1578875092,"RODRIGUEZ, JOHN PAUL",SN ORTHOPEDIC,26,,,,,,,,,,,,,,,,,,,
1962610659,"IKBAL, NATASYA ANN",SN GYNECOLOGY,25,,,,,,,,,,,,,,,,,,,
1073517736,"MOORE, FROSTY DOYLE RANDALL",SN ORTHOPEDIC,25,,,,,,,,,,,,,,,,,,,
1134548399,"RIEGER, MARY MICAELA",SN GYNECOLOGY,25,,,,,,,,,,,,,,,,,,,
1467440180,"SLATER, PATRICK W",SN OTOLARYNGOLOGY,25,,,,,,,,,,,,,,,,,,,
1508891169,"BINFORD, NANCY",SN GYNECOLOGY,24,,,,,,,,,,,,,,,,,,,
1578720876,"DANNEY, CHRISTOPHER MARC",SN ORTHOPEDIC,24,,,,,,,,,,,,,,,,,,,
1629497482,"LORENZO, DELFINO ESTEVAN",SN GENERAL SURGERY,24,,,,,,,,,,,,,,,,,,,
1295178465,"MEGHPARA, MITCHELL B",SN ORTHOPEDIC,24,,,,,,,,,,,,,,,,,,,
1700011590,"ASH, LAUREN GAYLE",SN GENERAL SURGERY,23,,,,,,,,,,,,,,,,,,,
1073597688,"FLEEGER, DAVID CLARK",SN GENERAL SURGERY,23,,,,,,,,,,,,,,,,,,,
1487858056,"HYDE, BRANNON RAY",SN CARDIOTHORACIC,23,,,,,,,,,,,,,,,,,,,
1821075664,"LOOSE, ISAAC ARTHUR",SN OPHTHALMOLOGY,23,,,,,,,,,,,,,,,,,,,
1386631117,"NUNNELLY, PATRICK DALE",SN GYNECOLOGY,23,,,,,,,,,,,,,,,,,,,
1134476260,"CATLETT, GREGORY EVERETT JR.",SN ORTHOPEDIC,22,,,,,,,,,,,,,,,,,,,
1134445539,"DEWAN, BRENDAN P",SN CARDIOTHORACIC,22,,,,,,,,,,,,,,,,,,,
1811126105,"KELLY, SCOTT DOUGLAS",SN OPHTHALMOLOGY,22,,,,,,,,,,,,,,,,,,,
1366464683,"NAKRA , TANUJ MD",SN OPHTHALMOLOGY,22,,,,,,,,,,,,,,,,,,,
1801086129,"OXNER, CHRISTOPHER R",SN GENERAL SURGERY,22,,,,,,,,,,,,,,,,,,,
1114031929,"PATEL, MANISH V.",SN ORTHOPEDIC,22,,,,,,,,,,,,,,,,,,,
1003834680,"ROSE, JAMES",SN NEUROSURGERY,22,,,,,,,,,,,,,,,,,,,
1003900119,"TJELMELAND, KELLY EUGENE",SN PLASTIC,22,,,,,,,,,,,,,,,,,,,
1104912021,"ESKEW, JAMES R",SN OTOLARYNGOLOGY,21,,,,,,,,,,,,,,,,,,,
1790096543,"KOLLURI, SANGEETHA LAKSHMI",SN GENERAL SURGERY,21,,,,,,,,,,,,,,,,,,,
1477640357,"RATCLIFF, DANIEL JONATHAN",SN OTOLARYNGOLOGY,21,,,,,,,,,,,,,,,,,,,
1609085042,"TSAI, RITA",SN GYNECOLOGY,21,,,,,,,,,,,,,,,,,,,
1639332372,"KIM, GENE",SN OPHTHALMOLOGY,20,,,,,,,,,,,,,,,,,,,
1023454386,"MAKKOUK, FUAD",SN OPHTHALMOLOGY,20,,,,,,,,,,,,,,,,,,,
1598759300,"YIUM, VANESSA JONES",SN GYNECOLOGY,20,,,,,,,,,,,,,,,,,,,
1982657367,"NORTHWAY, ROBERT ORCUTT III",SN UROLOGY,19,,,,,,,,,,,,,,,,,,,
1659575439,"SMITH, TAYLOR ANDREW",SN GENERAL SURGERY,19,,,,,,,,,,,,,,,,,,,
1881089845,"ACKALL, FERAS YACOUB",SN OTOLARYNGOLOGY,18,,,,,,,,,,,,,,,,,,,
1538588819,"EHANIRE, TOSANWUMI",SN PLASTIC,18,,,,,,,,,,,,,,,,,,,
1851616767,"SHOSS, JEFFREY MICHAEL",SN UROLOGY,18,,,,,,,,,,,,,,,,,,,
1336163633,"STEWART, MARK",SN CARDIOVASCULAR,18,,,,,,,,,,,,,,,,,,,
1609848399,"LEVITAN, MARK",SN OPHTHALMOLOGY,17,,,,,,,,,,,,,,,,,,,
1245379551,"SHASHOUA, GEORGE LEOR",SN GYNECOLOGY,17,,,,,,,,,,,,,,,,,,,
1750354924,"APPLE, JEFFREY M",SN CARDIOVASCULAR,16,,,,,,,,,,,,,,,,,,,
1326019571,"BROWN, KIMBERLY M",SN GENERAL SURGERY,16,,,,,,,,,,,,,,,,,,,
1003822362,"O'FARRELL, KEVIN P",SN GENERAL SURGERY,16,,,,,,,,,,,,,,,,,,,
1396002622,"VILLARREAL, ARTURO DELEON",SN ORTHOPEDIC,16,,,,,,,,,,,,,,,,,,,
1194823096,"CONSTANTINIDES, MINAS SPIROS",SN OTOLARYNGOLOGY,15,,,,,,,,,,,,,,,,,,,
1578547188,"GRAVES, ERNEST DOYLE III",SN GENERAL SURGERY,15,,,,,,,,,,,,,,,,,,,
1386675213,"MARKUS, ROBERT MICHAEL JR.",SN GENERAL SURGERY,15,,,,,,,,,,,,,,,,,,,
1295705986,"VAGNER, GREGG A",SN ORTHOPEDIC,15,,,,,,,,,,,,,,,,,,,
1669465282,"CHING, PETER VINCENT",SN GENERAL SURGERY,14,,,,,,,,,,,,,,,,,,,
1194912469,"CONE, JEFFREY D JR.",SN PLASTIC,14,,,,,,,,,,,,,,,,,,,
1700129467,"CRAWFORD, MATTHEW DAVID",SN ORTHOPEDIC,14,,,,,,,,,,,,,,,,,,,
1386834836,"MACKEY, AIMEE M",SN GENERAL SURGERY,14,,,,,,,,,,,,,,,,,,,
1861696460,"WILLIAMS-BROWN, MARIAN YVETTE",SN GYNECOLOGY,14,,,,,,,,,,,,,,,,,,,
1851319545,"BAILEY, CHRISTOPHER WILLIAM",SN GENERAL SURGERY,13,,,,,,,,,,,,,,,,,,,
1144438136,"COOMBS-SKILES, CAROLINE HELLIN",SN GENERAL SURGERY,13,,,,,,,,,,,,,,,,,,,
1487740809,"DEHAN, CHRISTOPHER P",SN OTOLARYNGOLOGY,13,,,,,,,,,,,,,,,,,,,
1548390909,"DESIREDDI, NARESH VENKAT",SN UROLOGY,13,,,,,,,,,,,,,,,,,,,
1902126105,"GELONECK, MEGAN MCREE",SN OPHTHALMOLOGY,13,,,,,,,,,,,,,,,,,,,
1083735294,"KAVOUSSI, SHAHRYAR KEIKHOSROW",SN GYNECOLOGY,13,,,,,,,,,,,,,,,,,,,
1114189933,"MCKENZIE, SHAUN PATRICK",SN GENERAL SURGERY,13,,,,,,,,,,,,,,,,,,,
1619030418,"WACHTMAN, GALEN SAMUEL",SN PLASTIC,13,,,,,,,,,,,,,,,,,,,
1619925443,"BARBARO, NICHOLAS M.",SN NEUROSURGERY,12,,,,,,,,,,,,,,,,,,,
1245573518,"ESCARZAGA, BAILEY WILSON",SN GYNECOLOGY,12,,,,,,,,,,,,,,,,,,,
1033438684,"GHARTEY, KOBINA",SN GYNECOLOGY,12,,,,,,,,,,,,,,,,,,,
1982963864,"KEYES, KYLE",SN UROLOGY,12,,,,,,,,,,,,,,,,,,,
1083703656,"SHARMA, SANJAY KUMAR",SN PLASTIC,12,,,,,,,,,,,,,,,,,,,
1407153943,"SZERLIP, BENJAMIN W",SN ORTHOPEDIC,12,,,,,,,,,,,,,,,,,,,
1174840565,"TAHERI, KEVIN",SN OTOLARYNGOLOGY,12,,,,,,,,,,,,,,,,,,,
1699153965,"CHOUDHURY BOWDEN, EILEEN A",SN OPHTHALMOLOGY,11,,,,,,,,,,,,,,,,,,,
1588652168,"DIAZ-REYES, GUSTAVO",SN OTOLARYNGOLOGY,11,,,,,,,,,,,,,,,,,,,
1508120866,"KAMATH, ASHWIN ANJANEY",SN NEUROSURGERY,11,,,,,,,,,,,,,,,,,,,
1396706636,"LOZANO, ANNA MARIE",SN GYNECOLOGY,11,,,,,,,,,,,,,,,,,,,
1033185855,"SILVERBERG, KAYLEN MARK",SN GYNECOLOGY,11,,,,,,,,,,,,,,,,,,,
1326029497,"THOMAS, DARRYL BRIAN",SN ORTHOPEDIC,11,,,,,,,,,,,,,,,,,,,
1487099412,"WOOD, EDWARD HUNT",SN OPHTHALMOLOGY,11,,,,,,,,,,,,,,,,,,,
1538193495,"CARTER, KIMBERLY",SN GYNECOLOGY,10,,,,,,,,,,,,,,,,,,,
1245254515,"DEWAN, STEPHEN",SN CARDIOTHORACIC,10,,,,,,,,,,,,,,,,,,,
1881623114,"FLEMING, RICHARD YOUATT-DECLAN",SN GENERAL SURGERY,10,,,,,,,,,,,,,,,,,,,
1003019092,"HAWTHORNE, KRISTEN MICHELLE",SN OPHTHALMOLOGY,10,,,,,,,,,,,,,,,,,,,
1013201722,"KURTOVIC, SILVIA",SN PLASTIC,10,,,,,,,,,,,,,,,,,,,
1912062753,"LAVERTY, DAVID C",SN ORTHOPEDIC,10,,,,,,,,,,,,,,,,,,,
1417265851,"MAZZARELLA, BRIAN CONFREY",SN UROLOGY,10,,,,,,,,,,,,,,,,,,,
1295256022,"NIELSON, GARRETT WILLIS",SN PODIATRY,10,,,,,,,,,,,,,,,,,,,
1851692784,"TEIXEIRA, PEDRO GUSTAVO R",SN GENERAL SURGERY,10,,,,,,,,,,,,,,,,,,,
1912946484,"TREVINO, JESSICA MARIE",SN GASTROENTEROLOGY,10,,,,,,,,,,,,,,,,,,,
1992779599,"TROTTER, MICHAEL DAVID",SN UROLOGY,10,,,,,,,,,,,,,,,,,,,
1164685160,"WIATREK, REBECCA LYNN",SN GENERAL SURGERY,10,,,,,,,,,,,,,,,,,,,
1184690802,"HANSARD, LISA JOY",SN GYNECOLOGY,9,,,,,,,,,,,,,,,,,,,
1013989706,"HARPER, CLIO ARMITAGE III",SN OPHTHALMOLOGY,9,,,,,,,,,,,,,,,,,,,
1639185226,"ROGERS, REBECCA G",SN GYNECOLOGY,9,,,,,,,,,,,,,,,,,,,
1912433707,"RONQUILLO, MAURA RUBY",SN GYNECOLOGY,9,,,,,,,,,,,,,,,,,,,
1083823785,"YANG, CHRISTOPHER",SN UROLOGY,9,,,,,,,,,,,,,,,,,,,
1861839706,"ALLRED, CARLY A",SN GENERAL SURGERY,8,,,,,,,,,,,,,,,,,,,
1659466738,"BOMBACH, EDWARD J",SN GENERAL SURGERY,8,,,,,,,,,,,,,,,,,,,
1831431006,"CROWELL, ERIC LANE",SN OPHTHALMOLOGY,8,,,,,,,,,,,,,,,,,,,
1891802732,"SOLIS, RICARDO LERMA",SN GENERAL SURGERY,8,,,,,,,,,,,,,,,,,,,
1760772859,"THAXTON, LAUREN D.",SN GYNECOLOGY,8,,,,,,,,,,,,,,,,,,,
1023058617,"TORRES, NADJA IVETTE",SN OPHTHALMOLOGY,8,,,,,,,,,,,,,,,,,,,
1730151457,"BOONE, BRADLEY A",SN CARDIOVASCULAR,7,,,,,,,,,,,,,,,,,,,
1083776041,"CHIPMAN, ZACHARY A",SN GYNECOLOGY,7,,,,,,,,,,,,,,,,,,,
1295806602,"CULLINGTON, JAMES R",SN PLASTIC,7,,,,,,,,,,,,,,,,,,,
1750722997,"DAO, KIM LE",SN PODIATRY,7,,,,,,,,,,,,,,,,,,,
1245437524,"FENTON, AMBER STURGES",SN OPHTHALMOLOGY,7,,,,,,,,,,,,,,,,,,,
1609845809,"HUBBARD, CHARLES JASON",SN PODIATRY,7,,,,,,,,,,,,,,,,,,,
1811998651,"HURT, JOEL H",SN ORTHOPEDIC,7,,,,,,,,,,,,,,,,,,,
1376801928,"MULLER, JOSEPH GRANT",SN ORTHOPEDIC,7,,,,,,,,,,,,,,,,,,,
1720059504,"SCHOLL, PETER D",SN OTOLARYNGOLOGY,7,,,,,,,,,,,,,,,,,,,
1982628137,"SETTLE, STEPHEN",SN CARDIOTHORACIC,7,,,,,,,,,,,,,,,,,,,
1043217276,"WELSH, SCOTT ANDREW",SN ORTHOPEDIC,7,,,,,,,,,,,,,,,,,,,
1154336212,"DHRUVA, ACHAL R",SN OTOLARYNGOLOGY,6,,,,,,,,,,,,,,,,,,,
1821047200,"DODGIN, DAVID",SN ORTHOPEDIC,6,,,,,,,,,,,,,,,,,,,
1124015953,"KISH, KAREN MARIE",SN GYNECOLOGY,6,,,,,,,,,,,,,,,,,,,
1306376462,"RAY, MONICA",SN OPHTHALMOLOGY,6,,,,,,,,,,,,,,,,,,,
1487646790,"RUFF, PETER ANTHONY",SN UROLOGY,6,,,,,,,,,,,,,,,,,,,
1568453447,"SHEPLER, TODD ROBERT",SN OPHTHALMOLOGY,6,,,,,,,,,,,,,,,,,,,
1861718736,"ZAID, HARRAS BIN",SN UROLOGY,6,,,,,,,,,,,,,,,,,,,
1558811455,"BABARAN, KRYSTEL",SN GYNECOLOGY,5,,,,,,,,,,,,,,,,,,,
1174857429,"CALDERON, ENRIQUE EDUARDO",SN OPHTHALMOLOGY,5,,,,,,,,,,,,,,,,,,,
1619274677,"CANTU, JESSICA ANNE",SN GYNECOLOGY,5,,,,,,,,,,,,,,,,,,,
1093813925,"ESQUIVEL, ALEJANDRO",SN GENERAL SURGERY,5,,,,,,,,,,,,,,,,,,,
1053503672,"FRANCO, JOHNNY U.",SN PLASTIC,5,,,,,,,,,,,,,,,,,,,
1730168535,"GRIFFIN, MOYA MAUREEN",SN GENERAL SURGERY,5,,,,,,,,,,,,,,,,,,,
1720069453,"GUNN, HOLLY CLUTE",SN ANESTHESIA,5,,,,,,,,,,,,,,,,,,,
1629130513,"HARKINS, JOHN G",SN GYNECOLOGY,5,,,,,,,,,,,,,,,,,,,
1124456363,"JENKINS, NOLAN",SN ORAL MAXILLARY,5,,,,,,,,,,,,,,,,,,,
1730195082,"LEARY, JOSEPH M",SN OTOLARYNGOLOGY,5,,,,,,,,,,,,,,,,,,,
1861819864,"MCCLINTOCK, TYLER ROBERT",SN UROLOGY,5,,,,,,,,,,,,,,,,,,,
1346259199,"SAVAGE, DAVID C.",SN ORTHOPEDIC,5,,,,,,,,,,,,,,,,,,,
1982692984,"SHEPPARD, JOY CELESTE",SN GYNECOLOGY,5,,,,,,,,,,,,,,,,,,,
1760480347,"THOMAJAN, CRAIG HOWARD",SN PODIATRY,5,,,,,,,,,,,,,,,,,,,
1740484328,"THOMAS, SHERRIE PARKER",SN GENERAL SURGERY,5,,,,,,,,,,,,,,,,,,,
1043412471,"BROOKS-HEINZMAN, ALISON JEANNE",SN GYNECOLOGY,4,,,,,,,,,,,,,,,,,,,
1114277639,"BURMAN, SUDEEP DUSTIN",SN GENERAL SURGERY,4,,,,,,,,,,,,,,,,,,,
1164878831,"COUTIN, MARK DAHLEN",SN ANESTHESIA,4,,,,,,,,,,,,,,,,,,,
1285920751,"DESAI, SHIV K",SN GASTROENTEROLOGY,4,,,,,,,,,,,,,,,,,,,
1023007432,"EDMOND, JANE COVINGTON",SN OPHTHALMOLOGY,4,,,,,,,,,,,,,,,,,,,
1710902036,"HARFORD, PAUL HENRY",SN PULMONARY,4,,,,,,,,,,,,,,,,,,,
1992003966,"HART, ADAM D.",SN OPHTHALMOLOGY,4,,,,,,,,,,,,,,,,,,,
1124429923,"JEEVAN, DHRUVE SATISH",SN NEUROSURGERY,4,,,,,,,,,,,,,,,,,,,
1780047480,"JOHNSON, DENISE LAURA",SN GYNECOLOGY,4,,,,,,,,,,,,,,,,,,,
1467603563,"KITCHER, ANDREW GEORGE PHILIP",SN PULMONARY,4,,,,,,,,,,,,,,,,,,,
1023498268,"KUTZAROV, KAMEN",SN ORTHOPEDIC,4,,,,,,,,,,,,,,,,,,,
1508849696,"LEEMAN, DANIEL JAMES",SN PLASTIC,4,,,,,,,,,,,,,,,,,,,
1891857884,"NIX, MICHAEL LYNN",SN GYNECOLOGY,4,,,,,,,,,,,,,,,,,,,
1417376799,"PETRINI, ALLISON",SN GYNECOLOGY,4,,,,,,,,,,,,,,,,,,,
1417923186,"PICKETT, STEVEN HODGES",SN UROLOGY,4,,,,,,,,,,,,,,,,,,,
1376559633,"ROMERO, CARLOS L",SN PODIATRY,4,,,,,,,,,,,,,,,,,,,
1801023049,"SHAH VIRA, AMI AMAR",SN OPHTHALMOLOGY,4,,,,,,,,,,,,,,,,,,,
1841589157,"TOY, JASON ONUR",SN ORTHOPEDIC,4,,,,,,,,,,,,,,,,,,,
1912199563,"TRISTAN, SIGRID BIRGITTA",SN GYNECOLOGY,4,,,,,,,,,,,,,,,,,,,
1043576127,"WHITNEY, MARGARET",SN GYNECOLOGY,4,,,,,,,,,,,,,,,,,,,
1689985046,"WOOD, SARAH LINDSAY",SN GYNECOLOGY,4,,,,,,,,,,,,,,,,,,,
1699069104,"ADAMS, CLAYTON W",SN PAIN MANAGEMENT,3,,,,,,,,,,,,,,,,,,,
1811334915,"ADKINS, AZURE GAIL",SN GENERAL SURGERY,3,,,,,,,,,,,,,,,,,,,
1942245196,"BRIGGS, RUSSELL DEANE",SN OTOLARYNGOLOGY,3,,,,,,,,,,,,,,,,,,,
1235306713,"GHARTEY, JENY",SN GYNECOLOGY,3,,,,,,,,,,,,,,,,,,,
1447613963,"HOLTZ, MAX",SN GYNECOLOGY,3,,,,,,,,,,,,,,,,,,,
1922003227,"HYDE, CAROLYN",SN ORTHOPEDIC,3,,,,,,,,,,,,,,,,,,,
1164582912,"KEMPER, CRAIG M",SN NEUROSURGERY,3,,,,,,,,,,,,,,,,,,,
1376727842,"KERENDI, FARAZ",SN CARDIOTHORACIC,3,,,,,,,,,,,,,,,,,,,
1114187747,"KHAN, BILAL NAWAZ",SN PULMONARY,3,,,,,,,,,,,,,,,,,,,
1982685632,"KNAUTH, KURT J",SN ANESTHESIA,3,,,,,,,,,,,,,,,,,,,
1033218029,"LAPPIN, JACQUELINE ANN",SN GENERAL SURGERY,3,,,,,,,,,,,,,,,,,,,
1063488617,"LOAR, PAUL  III",SN GYNECOLOGY,3,,,,,,,,,,,,,,,,,,,
1598082687,"LUH, JEFF",SN PLASTIC,3,,,,,,,,,,,,,,,,,,,
1063628964,"MANUEL, JACOB BENJAMIN",SN ORTHOPEDIC,3,,,,,,,,,,,,,,,,,,,
1841221686,"MAYER, WILLIAM D",SN GENERAL SURGERY,3,,,,,,,,,,,,,,,,,,,
1619238094,"MOEN, MATTHEW J",SN ANESTHESIA,3,,,,,,,,,,,,,,,,,,,
1548615834,"MOTHERSOLE, KELSEY HORTER",SN OTOLARYNGOLOGY,3,,,,,,,,,,,,,,,,,,,
1295710655,"PATEL, ANANT I",SN NEUROSURGERY,3,,,,,,,,,,,,,,,,,,,
1881601136,"SCHMITZ, MARTHA E",SN GYNECOLOGY,3,,,,,,,,,,,,,,,,,,,
1801162805,"SCHWAB, BRIAN D.",SN OTOLARYNGOLOGY,3,,,,,,,,,,,,,,,,,,,
1265413959,"SNYDER, NED  IV",SN PLASTIC,3,,,,,,,,,,,,,,,,,,,
1760498364,"WILLIAMS, RONALD P",SN ORTHOPEDIC,3,,,,,,,,,,,,,,,,,,,
1285610865,"BOSCO, JASON JOSEPH",SN GYNECOLOGY,2,,,,,,,,,,,,,,,,,,,
1295091395,"BOUDREAU, ERIC RUSSELL",SN ANESTHESIA,2,,,,,,,,,,,,,,,,,,,
1942395165,"BRENT, BYRON DAVID",SN OPHTHALMOLOGY,2,,,,,,,,,,,,,,,,,,,
1356323448,"BRUCE, ROBERT GRADY",SN UROLOGY,2,,,,,,,,,,,,,,,,,,,
1134236102,"BUCHANAN, ROBERT J",SN NEUROSURGERY,2,,,,,,,,,,,,,,,,,,,
1922167352,"BUKOWSKI, RADEK K",SN GYNECOLOGY,2,,,,,,,,,,,,,,,,,,,
1417987983,"CARTER, SHELBY H. III",SN ORTHOPEDIC,2,,,,,,,,,,,,,,,,,,,
1841516192,"CASTILLO, MARCELA C",SN GYNECOLOGY,2,,,,,,,,,,,,,,,,,,,
1285038059,"CHALLA, SWATHI",SN GYNECOLOGY,2,,,,,,,,,,,,,,,,,,,
1255447926,"CHHIKARA, SUBIR",SN UROLOGY,2,,,,,,,,,,,,,,,,,,,
1215241310,"CLINE, KELLY ELIZABETH",SN ORTHOPEDIC,2,,,,,,,,,,,,,,,,,,,
1801887864,"CONNER, WILLIAM CHANCE",SN CARDIOTHORACIC,2,,,,,,,,,,,,,,,,,,,
1366450652,"COWAN, ROBERT K JR.",SN GYNECOLOGY,2,,,,,,,,,,,,,,,,,,,
1528038312,"CUNNINGHAM, FRED KELLY",SN ORTHOPEDIC,2,,,,,,,,,,,,,,,,,,,
1417168345,"DAMMERT, MARK O",SN OTOLARYNGOLOGY,2,,,,,,,,,,,,,,,,,,,
1306823463,"DICKINSON, ROBERT BENJAMIN",SN UROLOGY,2,,,,,,,,,,,,,,,,,,,
1477712891,"DVORAK, ANNA KEJR",SN PULMONARY,2,,,,,,,,,,,,,,,,,,,
1720399736,"FROMMER, SARAH ANNE",SN PLASTIC,2,,,,,,,,,,,,,,,,,,,
1942519319,"GAJJAR, MARK",SN CARDIOLOGY,2,,,,,,,,,,,,,,,,,,,
1871508937,"GAMBARIN, SEMYON",SN GENERAL SURGERY,2,,,,,,,,,,,,,,,,,,,
1215068242,"GIESLER, ERIC JAMES",SN UROLOGY,2,,,,,,,,,,,,,,,,,,,
1437146263,"GROGONO, SALLY MARGARET",SN GYNECOLOGY,2,,,,,,,,,,,,,,,,,,,
1124145255,"HARSHBARGER, RAYMOND JACKSON III",SN PLASTIC,2,,,,,,,,,,,,,,,,,,,
1225233489,"HILL, AUSTIN DANIEL",SN ORTHOPEDIC,2,,,,,,,,,,,,,,,,,,,
1609295583,"HOMER, NATALIE",SN OPHTHALMOLOGY,2,,,,,,,,,,,,,,,,,,,
1457647182,"HOWARD, TERA",SN GYNECOLOGY,2,,,,,,,,,,,,,,,,,,,
1215019278,"JACKSON, OSCAR B JR.",SN OPHTHALMOLOGY,2,,,,,,,,,,,,,,,,,,,
1093877078,"KELLER, WHITNEY CONDRA",SN GYNECOLOGY,2,,,,,,,,,,,,,,,,,,,
1659483865,"KOENIG, KARL MARC",SN ORTHOPEDIC,2,,,,,,,,,,,,,,,,,,,
1720254022,"KOHLS, KATHERINE O",SN ANESTHESIA,2,,,,,,,,,,,,,,,,,,,
1932512415,"LEMAY, ALLYSON",SN ANESTHESIA,2,,,,,,,,,,,,,,,,,,,
1386647345,"MACONES, GEORGE A",SN GYNECOLOGY,2,,,,,,,,,,,,,,,,,,,
1750525333,"MAGUIRE, KARLA E",SN GYNECOLOGY,2,,,,,,,,,,,,,,,,,,,
1336432889,"MANGAT, MANDEEP",SN INTERNAL MEDICINE,2,,,,,,,,,,,,,,,,,,,
1780896241,"MCDONALD, JOHN EDWARD JR.",SN ORTHOPEDIC,2,,,,,,,,,,,,,,,,,,,
1568732584,"MCMICHAEL, DOUGLAS HALE",SN ANESTHESIA,2,,,,,,,,,,,,,,,,,,,
1205828407,"MEYER, TORY A.",SN GENERAL SURGERY,2,,,,,,,,,,,,,,,,,,,
1104039916,"MISTRY, SANDEEP G",SN UROLOGY,2,,,,,,,,,,,,,,,,,,,
1356345821,"ONG, STACY EILEEN",SN UROLOGY,2,,,,,,,,,,,,,,,,,,,
1518027366,"PETERSON, DANIEL L",SN NEUROSURGERY,2,,,,,,,,,,,,,,,,,,,
1063436152,"PIRWITZ, MARK J",SN CARDIOLOGY,2,,,,,,,,,,,,,,,,,,,
1962476762,"POLON, CLIVE",SN GYNECOLOGY,2,,,,,,,,,,,,,,,,,,,
15381111968,"RAINEY , ANNIS MELINDA MD",SN OPHTHALMOLOGY,2,,,,,,,,,,,,,,,,,,,
1003890583,"ROBISON, JAMES THOMAS IV",SN PLASTIC,2,,,,,,,,,,,,,,,,,,,
1083902068,"SALAZAR, CHRISTINA ALICIA",SN GYNECOLOGY,2,,,,,,,,,,,,,,,,,,,
1497736987,"SCHLITT, JOHN T",SN ANESTHESIA,2,,,,,,,,,,,,,,,,,,,
1518089655,"STEWART, DANIEL THOMAS",SN ORTHOPEDIC,2,,,,,,,,,,,,,,,,,,,
1588757116,"TOBEY, DAVID N",SN OTOLARYNGOLOGY,2,,,,,,,,,,,,,,,,,,,
1508247776,"TRAVIESO, JENNIFER LYNNE",SN GYNECOLOGY,2,,,,,,,,,,,,,,,,,,,
1942276456,"VAUGHN, THOMAS CLAUDE",SN GYNECOLOGY,2,,,,,,,,,,,,,,,,,,,
1487944732,"WANG, MARY KATHLEEN",SN UROLOGY,2,,,,,,,,,,,,,,,,,,,
1639194939,"WEINGARTEN, JORDAN STEWART",SN PULMONARY,2,,,,,,,,,,,,,,,,,,,
1023100492,"WOLF, J STUART JR.",SN UROLOGY,2,,,,,,,,,,,,,,,,,,,
1013915065,"AFRIYIE-GRAY, AKUA TIWAA",SN GYNECOLOGY,1,,,,,,,,,,,,,,,,,,,
1417174707,"AGRAWAL, DEEPAK",SN GASTROENTEROLOGY,1,,,,,,,,,,,,,,,,,,,
1871512475,"AKIN, MARK D",SN GYNECOLOGY,1,,,,,,,,,,,,,,,,,,,
1699909978,"ALFORD, JEFFREY ANDREW",SN ORAL MAXILLARY,1,,,,,,,,,,,,,,,,,,,
1740271196,"ANGIRASA, ARUSH K",SN PODIATRY,1,,,,,,,,,,,,,,,,,,,
1114105418,"BABBAR, HARSH",SN PULMONARY,1,,,,,,,,,,,,,,,,,,,
1770826489,"BILLEAUD, CRAIG B",SN ANESTHESIA,1,,,,,,,,,,,,,,,,,,,
1154319598,"BOUTROS, SEAN",SN PLASTIC,1,,,,,,,,,,,,,,,,,,,
1255547253,"BRANDT, SCOTT MATTHEW",SN ANESTHESIA,1,,,,,,,,,,,,,,,,,,,
1003029828,"BURRIS, MICHAEL W",SN ORTHOPEDIC,1,,,,,,,,,,,,,,,,,,,
1508828641,"BUSTAMANTE, HANZY F.",SN INTERNAL MEDICINE,1,,,,,,,,,,,,,,,,,,,
1679788038,"CAHILL, ALISON GALE",SN GYNECOLOGY,1,,,,,,,,,,,,,,,,,,,
1154484715,"CARROLL, TANNON DAJUAN",SN CARDIOLOGY,1,,,,,,,,,,,,,,,,,,,
1013084169,"CASMEDES, HARRY PAUL",SN ORAL MAXILLARY,1,,,,,,,,,,,,,,,,,,,
1841439734,"CAVARETTA, VINCENT JOHN III",SN ORAL MAXILLARY,1,,,,,,,,,,,,,,,,,,,
1376704544,"CHOUCROUN, ASHLEY HARRISON",SN GYNECOLOGY,1,,,,,,,,,,,,,,,,,,,
1508847211,"COLLEBRUSCO, ALAN DOMINIC",SN ANESTHESIA,1,,,,,,,,,,,,,,,,,,,
1417124090,"CORBETT, WILLIAM LINCOLN III",SN ANESTHESIA,1,,,,,,,,,,,,,,,,,,,
1235336488,"CRAVEN, CAMERON RYON",SN PLASTIC,1,,,,,,,,,,,,,,,,,,,
1326305616,"CRISLIP, ZACHARY LYNN",SN GENERAL SURGERY,1,,,,,,,,,,,,,,,,,,,
1376586271,"CROZIER, MARK ALLEN",SN GYNECOLOGY,1,,,,,,,,,,,,,,,,,,,
1376519330,"CUELLAR, DAVID CHARLES",SN UROLOGY,1,,,,,,,,,,,,,,,,,,,
1154394997,"DENSON, MELODY ANN",SN UROLOGY,1,,,,,,,,,,,,,,,,,,,
1952344657,"EBERT, ANDREW MARSHALL",SN ORTHOPEDIC,1,,,,,,,,,,,,,,,,,,,
1114902228,"ELLIS, KENNETH K",SN GASTROENTEROLOGY,1,,,,,,,,,,,,,,,,,,,
1538182951,"FELGER, JASON E",SN CARDIOTHORACIC,1,,,,,,,,,,,,,,,,,,,
1205147634,"FEUERMAN, JASON MICHAEL",SN OPHTHALMOLOGY,1,,,,,,,,,,,,,,,,,,,
1437153210,"FOSTER, ROBERT ALAN",SN ORTHOPEDIC,1,,,,,,,,,,,,,,,,,,,
1104060425,"GALVAN-TURNER, VALERIE BIANCA",SN GYNECOLOGY,1,,,,,,,,,,,,,,,,,,,
1891159646,"GARDNER, RACHEL",SN GYNECOLOGY,1,,,,,,,,,,,,,,,,,,,
1700898905,"GIESLER, CAITLIN MCANENY",SN CARDIOLOGY,1,,,,,,,,,,,,,,,,,,,
1124048343,"GORDON, ASHLEY ELIZABETH",SN PLASTIC,1,,,,,,,,,,,,,,,,,,,
1093125015,"GRAHAM, JOSEPH",SN ANESTHESIA,1,,,,,,,,,,,,,,,,,,,
1801309190,"HANSEN, CAROLYN LOUISE",,1,,,,,,,,,,,,,,,,,,,
1427052992,"HARDEMAN, STEPHEN WALTER",SN UROLOGY,1,,,,,,,,,,,,,,,,,,,
1871613786,"HARPER, LORIE MICHELLE",SN GYNECOLOGY,1,,,,,,,,,,,,,,,,,,,
1376636126,"HAYDON, MICHAEL SCOTT",SN PLASTIC,1,,,,,,,,,,,,,,,,,,,
1609861897,"HAYHURST, RUSSELL A",SN OPHTHALMOLOGY,1,,,,,,,,,,,,,,,,,,,
1669640892,"HEINZMAN, KRISTOPHER MICHAEL",SN CARDIOLOGY,1,,,,,,,,,,,,,,,,,,,
1770679607,"HENRY, STEVEN LEONARD",SN PLASTIC,1,,,,,,,,,,,,,,,,,,,
1720432156,"HO, PHI",SN ANESTHESIA,1,,,,,,,,,,,,,,,,,,,
1720223449,"HOANG, LAN T",SN OPHTHALMOLOGY,1,,,,,,,,,,,,,,,,,,,
1750381620,"JACOMIDES, LUCAS",SN UROLOGY,1,,,,,,,,,,,,,,,,,,,
3049069776,"JAJOSKY , JESSICA RUTH MD",SN ANESTHESIA,1,,,,,,,,,,,,,,,,,,,
1881738649,"JEANETTE, JOSEPH P II",SN GENERAL SURGERY,1,,,,,,,,,,,,,,,,,,,
1124034491,"JONES, KENT P",SN OTOLARYNGOLOGY,1,,,,,,,,,,,,,,,,,,,
1912913666,"JUKES, LISA M",SN GYNECOLOGY,1,,,,,,,,,,,,,,,,,,,
1265473631,"KANSAS, BRYAN TODD",SN UROLOGY,1,,,,,,,,,,,,,,,,,,,
1750640892,"KELLEY, ANGELA SIMMEN",SN GYNECOLOGY,1,,,,,,,,,,,,,,,,,,,
1659306348,"KELLEY, PATRICK",SN PLASTIC,1,,,,,,,,,,,,,,,,,,,
1073775524,"KERIWALA, RAJ DILIP",SN PULMONARY,1,,,,,,,,,,,,,,,,,,,
1649262536,"KILBRIDE, EARL J JR.",SN ORTHOPEDIC,1,,,,,,,,,,,,,,,,,,,
1659373744,"KOCAY, DEAN ALPHONSE",SN GENERAL SURGERY,1,,,,,,,,,,,,,,,,,,,
1710084975,"KROEKER, TERESA RUTH",SN GENERAL SURGERY,1,,,,,,,,,,,,,,,,,,,
1174688360,"KURIAN, THOMAS KANJAPALILL",SN CARDIOLOGY,1,,,,,,,,,,,,,,,,,,,
1497938468,"LARGENT, MATTHEW C.",SN ORAL MAXILLARY,1,,,,,,,,,,,,,,,,,,,
1487716478,"LAVIE, ISAAC",SN GYNECOLOGY,1,,,,,,,,,,,,,,,,,,,
1679891378,"LOGAN, ZACHARIAH SUMMERS",SN ORTHOPEDIC,1,,,,,,,,,,,,,,,,,,,
1801087093,"LOPEZ, DANIEL ESTEBAN",SN GENERAL SURGERY,1,,,,,,,,,,,,,,,,,,,
1215110440,"LOUGH, ERIK GREG",SN GENERAL SURGERY,1,,,,,,,,,,,,,,,,,,,
1972946150,"MARDY, ANNE HOLLAND",SN GYNECOLOGY,1,,,,,,,,,,,,,,,,,,,
1215931803,"MCLELLAND, MARK",SN RADIOLOGY,1,,,,,,,,,,,,,,,,,,,
1568664670,"MOHIUDDIN, SYED SAMEER",SN GENERAL SURGERY,1,,,,,,,,,,,,,,,,,,,
1164625760,"MONTELEONE, PETER P.",SN CARDIOLOGY,1,,,,,,,,,,,,,,,,,,,
1750307757,"MORRISON, ROBERT JOHN",SN PULMONARY,1,,,,,,,,,,,,,,,,,,,
1942362520,"NAIK, SHANTANU SHREEPAD",SN PULMONARY,1,,,,,,,,,,,,,,,,,,,
1144421876,"NEELEY, JESSE W",SN PHYSICAL MEDICINE,1,,,,,,,,,,,,,,,,,,,
1316977457,"NEELY, WARREN F",SN NEUROSURGERY,1,,,,,,,,,,,,,,,,,,,
1184949026,"NELSON, WILLIAM D",SN ANESTHESIA,1,,,,,,,,,,,,,,,,,,,
1760885792,"NGUYEN, THIEN QUANG",,1,,,,,,,,,,,,,,,,,,,
1306886387,"NGUYEN, VINH D",SN CARDIOLOGY,1,,,,,,,,,,,,,,,,,,,
1356671994,"NIETO, MARIO EDMUNDO",SN ANESTHESIA,1,,,,,,,,,,,,,,,,,,,
1861802100,"NOBLE, MARK DANIEL",SN ANESTHESIA,1,,,,,,,,,,,,,,,,,,,
1720074529,"ORTEGA, JUAN CARLOS",SN FAMILY PRACTICE,1,,,,,,,,,,,,,,,,,,,
1790289189,"PARSONS, SHAWNA MAE-CHRISTINE",SN ANESTHESIA,1,,,,,,,,,,,,,,,,,,,
1912298878,"PATEL, RAVI HARSHAD",SN OPHTHALMOLOGY,1,,,,,,,,,,,,,,,,,,,
1467735704,"PEARCE, STEVEN",SN GASTROENTEROLOGY,1,,,,,,,,,,,,,,,,,,,
1215918834,"PENA, ANNIE CARTER",SN ANESTHESIA,1,,,,,,,,,,,,,,,,,,,
1295743482,"PHILLIPS, MICHAEL F",SN GYNECOLOGY,1,,,,,,,,,,,,,,,,,,,
1023244340,"RASMUSSEN, JAY TYLER",SN ORAL MAXILLARY,1,,,,,,,,,,,,,,,,,,,
1154479269,"RATCLIFF, STEPHEN LAWRENCE",SN ANESTHESIA,1,,,,,,,,,,,,,,,,,,,
1811332869,"REBAL, BRETT ALLEN",SN ANESTHESIA,1,,,,,,,,,,,,,,,,,,,
1871508945,"REGAN, MICHAEL P",SN GENERAL SURGERY,1,,,,,,,,,,,,,,,,,,,
1558756239,"ROBALINO, GIANNINA",SN PEDIATRICS,1,,,,,,,,,,,,,,,,,,,
1588751614,"ROBERTS, MATTHEW",SN ANESTHESIA,1,,,,,,,,,,,,,,,,,,,
1073908141,"SPECKS, SEBASTIAN",SN ANESTHESIA,1,,,,,,,,,,,,,,,,,,,
1467895342,"SUNDARAM, VARUN",SN UROLOGY,1,,,,,,,,,,,,,,,,,,,
1972594109,"TURGEON, NICOLE A",SN GENERAL SURGERY,1,,,,,,,,,,,,,,,,,,,
1942643606,"WAHAL, CHRISTOPHER S",SN ANESTHESIA,1,,,,,,,,,,,,,,,,,,,
1790794592,"WESTMORELAND, GREG L",SN ORTHOPEDIC,1,,,,,,,,,,,,,,,,,,,
1255589180,"WHITE, AISHA DALILA",SN PLASTIC,1,,,,,,,,,,,,,,,,,,,
1487602520,"WHITESIDES, MARK DEE",SN PODIATRY,1,,,,,,,,,,,,,,,,,,,
1760539647,"WUPPERMAN, RICHARD M",SN ORTHOPEDIC,1,,,,,,,,,,,,,,,,,,,
1518047869,"YOUNG, AMY E",SN GYNECOLOGY,1,,,,,,,,,,,,,,,,,,,